,Dep_Airport,mean_arr_delay,Mkt_Ccode,Mkt_Fl_No,Arr_Airport_x,Date,Day_Week,Sched_Dep_Time_OAG,Gate_Dep_Time_Actual,Sched_Arr_Time_OAG,Gate_Arr_Time_Actual,Sched_Elapsed_Time_CRS,Actual_Gate_Gate_Time,Dep_Delay_Time_Actual,Arr_Delay_Time_Actual,Elapsed_Time_Diff_Actual,Wheels_Off_Time_Actual,Wheels_On_Time_Actual,Tail_Number,Cancel_Code,Mins_Late_Delay_Code_E_Carrier,Mins_Late_Delay_Code_F_Weather,Mins_Late_Delay_Code_G_NAS,Mins_Late_Delay_Code_H_Security,Mins_Late_Delay_Code_I_Late_Arr_Flight,First_Gate_Dep_Time,Total_Ground_Away_From_Gate,Longest_Ground_Time_Away_From_Gate,No_Landings_At_Div_Airport,month,Arr_Delay_Time_Actual_Flag,Sched_Dep_Time_OAG_Block,Airport Name_x,city_name,Country name_x,Arr_Airport_y,lat,lng,City name_y,Airport Code,Airport Name_y,country_name,Country Abbrev.,World Area Code,Arr_Airport
0,ABE,24.97530864197531,AA,4177.0,PHL,20180119,fri,620,610,707,646,47,36,-10,-21,-11,626,643,N412AW,,0,0,0,0,0,0,0,0,0,jan,0,morning,Lehigh Valley International Airport,Allentown,United States,ABE,40.65209961,-75.44080353,Allentown,ABE,Lehigh Valley International,United States,US,67,ABE
81,ABQ,-1.4428152492668622,WN,462.0,SAN,20180131,wed,1610,1712,1705,1752,115,100,62,47,-15,1724,1750,N408WN,,47,0,0,0,0,0,0,0,0,jan,1,late_afternoon,Albuquerque International Sunport,Albuquerque,United States,ABQ,35.040199,-106.609001,Albuquerque,ABQ,Albuquerque International,United States,US,67,ABQ
763,ABY,35.1025641025641,DL,3280.0,ATL,20180213,tue,1759,1750,1907,1913,68,83,-9,6,15,1823,1904,N8836A,,0,0,0,0,0,0,0,0,0,feb,1,late_afternoon,Southwest Georgia Regional Airport,Albany,United States,ABY,31.53549957,-84.19450378,Albany,ABY,Dougherty County,United States,US,67,ABY
841,ADK,16.285714285714285,AS,161.0,ANC,20180224,sat,1715,1731,2057,2118,162,167,16,21,5,1753,2112,N618AS,,0,16,5,0,0,0,0,0,0,feb,1,late_afternoon,Adak Airport,Adak Island,United States,ADK,51.87799835,-176.6459961,Adak Island,ADK,Adak Island NS,United States,US,67,ADK
848,ADQ,-5.428571428571429,AS,40.0,ANC,20180206,tue,1702,1640,1752,1727,50,47,-22,-25,-3,1644,1724,N607AS,,0,0,0,0,0,0,0,0,0,feb,0,late_afternoon,Kodiak Airport,Kodiak,United States,ADQ,57.75,-152.4940033,Kodiak,ADQ,Kodiak Airport,United States,US,67,ADQ
904,AEX,-1.632,DL,3286.0,ATL,20180203,sat,1427,1422,1710,1658,103,96,-5,-12,-7,1443,1651,N686BR,,0,0,0,0,0,0,0,0,0,feb,0,early_afternoon,Alexandria International Airport,Alexandria,United States,AEX,31.32740021,-92.54979706,Alexandria,AEX,Alexandria Internation,United States,US,67,AEX
1029,ALB,7.136363636363637,AA,4711.0,PHL,20180115,mon,1040,1042,1155,1158,75,76,2,3,1,1058,1153,N135HQ,,0,0,0,0,0,0,0,0,0,jan,1,late_morning,Albany International Airport,Albany,United States,ALB,42.74829865,-73.80169678,Albany,ALB,Albany International,United States,US,67,ALB
1381,AMA,-2.8346456692913384,AA,5835.0,DFW,20180104,thu,800,0,917,0,77,0,0,0,0,0,0,N911FJ,A,0,0,0,0,0,0,0,0,0,jan,0,morning,Rick Husband Amarillo International Airport,Amarillo,United States,AMA,35.219398,-101.706001,Amarillo,AMA,International,United States,US,67,AMA
1508,ANC,-8.395101171458998,AS,41.0,BET,20180223,fri,600,549,724,719,84,90,-11,-5,6,608,715,N644AS,,0,0,0,0,0,0,0,0,0,feb,0,morning,Ted Stevens Anchorage International Airport,Anchorage,United States,ANC,61.17440033,-149.9960022,Anchorage,ANC,Ted Stevens Anchorage Int'l,United States,US,67,ANC
2447,ATL,0.9140948871487794,AA,2472.0,CLT,20180223,fri,1219,1227,1345,1352,86,85,8,7,-1,1250,1336,N851NN,,0,0,0,0,0,0,0,0,0,feb,1,early_afternoon,Hartsfield Jackson Atlanta International Airport,Atlanta,United States,ATL,33.6367,-84.428101,Atlanta,ATL,Hartsfield-Jackson Atlanta Int,United States,US,67,ATL
6789,ATW,8.63681592039801,UA,3762.0,ORD,20180103,wed,1035,1031,1142,1201,67,90,-4,19,23,1043,1124,N440AW,,0,0,19,0,0,0,0,0,0,jan,1,late_morning,Appleton International Airport,Appleton,United States,ATW,44.258098600000004,-88.51909637,Appleton,ATW,Outagamie County,United States,US,67,ATW
6990,AUS,-0.3093167701863354,AA,2080.0,PHL,20180209,fri,1240,1352,1703,1813,203,201,72,70,-2,1406,1754,N957UW,,70,0,0,0,0,0,0,0,0,feb,1,early_afternoon,Austin Bergstrom International Airport,Austin,United States,AUS,30.19449997,-97.66989899,,,,,,,
8600,AVL,3.1333333333333333,DL,3473.0,ATL,20180219,mon,1437,1427,1545,1539,68,72,-10,-6,4,1448,1532,N8918B,,0,0,0,0,0,0,0,0,0,feb,0,early_afternoon,Asheville Regional Airport,Asheville,United States,AVL,35.43619919,-82.54180145,Fletcher,AVL,Asheville Regional Airport,United States,US,67,AVL
8615,AVP,77.22222222222223,AA,4182.0,PHL,20180108,mon,615,606,706,655,51,49,-9,-11,-2,619,650,N421ZW,,0,0,0,0,0,0,0,0,0,jan,0,morning,Wilkes Barre Scranton International Airport,Scranton,United States,AVP,41.33850098,-75.7233963,Wilkes-Barre,AVP,International,United States,US,67,AVP
8642,AZO,4.170212765957447,UA,3778.0,ORD,20180123,tue,530,524,540,509,70,45,-6,-31,-25,534,504,N454AW,,0,0,0,0,0,0,0,0,0,jan,0,early_morning,Kalamazoo Battle Creek International Airport,Kalamazoo,United States,AZO,42.23490143,-85.55210114,Kalamazoo,AZO,Battle Creek Intl,United States,US,67,AZO
8736,BDL,2.0372786579683133,WN,3885.0,BWI,20180120,sat,620,619,740,725,80,66,-1,-15,-14,629,718,N475WN,,0,0,0,0,0,0,0,0,0,jan,0,morning,Bradley International Airport,Windsor Locks,United States,BDL,41.93889999,-72.68319702,Windsor Locks,BDL,Bradley International,United States,US,67,BDL
9809,BET,-3.236111111111111,AS,46.0,ANC,20180223,fri,2053,0,2159,0,66,0,0,0,0,0,0,N615AS,B,0,0,0,0,0,0,0,0,0,feb,0,evening,Bethel Airport,Bethel,United States,BET,60.77980042,-161.8379974,Bethel,BET,Bethel Airport,United States,US,67,BET
9881,BFL,19.38888888888889,AA,5817.0,PHX,20180124,wed,615,614,856,858,101,104,-1,2,3,638,850,N326MS,,0,0,0,0,0,0,0,0,0,jan,1,morning,Meadows Field,Bakersfield,United States,BFL,35.43360138,-119.0569992,Bakersfield,BFL,Meadows Field,United States,US,67,BFL
9953,BGR,3.6894736842105265,DL,3310.0,LGA,20180224,sat,652,640,854,828,122,108,-12,-26,-14,706,817,N8980A,,0,0,0,0,0,0,0,0,0,feb,0,morning,Bangor International Airport,Bangor,United States,BGR,44.80739975,-68.82810211,Bangor,BGR,International,United States,US,67,BGR
10143,BHM,-2.6458333333333335,AA,5723.0,DFW,20180115,mon,600,550,809,813,129,143,-10,4,14,615,759,N930LR,,0,0,0,0,0,0,0,0,0,jan,1,morning,Birmingham-Shuttlesworth International Airport,Birmingham,United States,BHM,33.56290054,-86.75350189,Birmingham,BHM,Birmingham,United States,US,67,BHM
10383,BIS,27.96385542168675,UA,4601.0,DEN,20180206,tue,810,808,907,909,117,121,-2,2,4,832,902,N11127,,0,0,0,0,0,0,0,0,0,feb,1,morning,Bismarck Municipal Airport,Bismarck,United States,BIS,46.77270126,-100.7460022,Bismarck,BIS,Bismarck,United States,US,67,BIS
10466,BLI,-13.209302325581396,AS,813.0,OGG,20180209,fri,905,902,1350,1302,405,360,-3,-48,-45,920,1257,N516AS,,0,0,0,0,0,0,0,0,0,feb,0,late_morning,Bellingham International Airport,Bellingham,United States,BLI,48.792800899999996,-122.538002,Bellingham,BLI,Bellingham,United States,US,67,BLI
10509,BMI,30.522292993630572,AA,5782.0,DFW,20180118,thu,1511,1535,1727,1743,136,128,24,16,-8,1555,1729,N943LR,,5,0,0,0,11,0,0,0,0,jan,1,late_afternoon,Central Illinois Regional Airport at Bloomington-Normal,Bloomington,United States,BMI,40.47710037,-88.91590118,Bloomington-Normal,BMI,Bloomington-Normal,United States,US,67,BMI
10666,BNA,0.7714825306893296,DL,3759.0,LGA,20180220,tue,700,655,1020,1008,140,133,-5,-12,-7,704,955,N311PQ,,0,0,0,0,0,0,0,0,0,feb,0,morning,Nashville International Airport,Nashville,United States,BNA,36.12450027,-86.67819977,Nashville,BNA,Metropolitan,United States,US,67,BNA
12784,BOI,8.491408934707904,WN,385.0,SAN,20180125,thu,900,856,1015,1004,135,128,-4,-11,-7,910,1001,N964WN,,0,0,0,0,0,0,0,0,0,jan,0,late_morning,Boise Air Terminal/Gowen Field,Boise,United States,BOI,43.5644,-116.223,Boise,BOI,Air Term. (Gowen Fld),United States,US,67,BOI
13075,BOS,2.0488809310653537,AA,2126.0,LGA,20180215,thu,800,805,924,929,84,84,5,5,0,825,919,N744P,,0,0,0,0,0,0,0,0,0,feb,1,morning,General Edward Lawrence Logan International Airport,Boston,United States,BOS,42.36429977,-71.00520325,Boston,BOS,Logan International,United States,US,67,BOS
18660,BQK,-5.08,DL,3338.0,ATL,20180218,sun,615,612,729,732,74,80,-3,3,6,643,725,N8877A,,0,0,0,0,0,0,0,0,0,feb,1,morning,Brunswick Golden Isles Airport,Brunswick,United States,BQK,31.25880051,-81.46649933,Brunswick,BQK,Glynco Jetport,United States,US,67,BQK
18735,BQN,12.8125,B6,838.0,JFK,20180222,thu,605,559,900,833,235,214,-6,-27,-21,609,822,N954JB,,0,0,0,0,0,0,0,0,0,feb,0,morning,Rafael Hernandez Airport,Aguadilla,Puerto Rico,BQN,18.49489975,-67.12940216,Aguadilla,BQN,Borinquen,Puerto Rico,PR,3,BQN
18783,BRO,10.279411764705882,AA,5943.0,DFW,20180131,wed,610,606,742,737,92,91,-4,-5,-1,615,730,N906FJ,,0,0,0,0,0,0,0,0,0,jan,0,morning,Brownsville South Padre Island International Airport,Brownsville,United States,BRO,25.90679932,-97.42590332,Brownsville,BRO,South Padre Is. Intl,United States,US,67,BRO
18851,BRW,-4.958333333333333,AS,50.0,ANC,20180201,thu,1904,1931,2051,2112,107,101,27,21,-6,1940,2108,N613AS,,0,0,0,21,0,0,0,0,0,feb,1,evening,Wiley Post Will Rogers Memorial Airport,Barrow,United States,BRW,71.285402,-156.766008,Barrow,BRW,Wiley Post/W.Rogers M,United States,US,67,BRW
18899,BTR,4.8,DL,3406.0,ATL,20180204,sun,600,732,843,1014,103,102,92,91,-1,758,1000,N316PQ,,91,0,0,0,0,0,0,0,0,feb,1,morning,Baton Rouge Metropolitan Airport,Baton Rouge,United States,BTR,30.533199,-91.149597,Baton Rouge,BTR,Ryan,United States,US,67,BTR
19039,BTV,6.020942408376963,DL,5053.0,DTW,20180219,mon,525,521,750,717,145,116,-4,-33,-29,537,711,N8883E,,0,0,0,0,0,0,0,0,0,feb,0,early_morning,Burlington International Airport,Burlington,United States,BTV,44.47190094,-73.15329742,Burlington,BTV,International,United States,US,67,BTV
19421,BUF,-0.06195652173913044,DL,3710.0,JFK,20180219,mon,1835,1834,2015,2015,100,101,-1,0,1,1849,1955,N132EV,,0,0,0,0,0,0,0,0,0,feb,0,evening,Buffalo Niagara International Airport,Buffalo,United States,BUF,42.94049835,-78.73220062,Buffalo,BUF,Buffalo Niagara International,United States,US,0,BUF
20341,BUR,1.0,B6,358.0,JFK,20180225,sun,2132,2119,550,509,318,290,-13,-41,-28,2134,505,N809JB,,0,0,0,0,0,0,0,0,0,feb,0,late_evening,Bob Hope Airport,Burbank,United States,BUR,34.20069885,-118.35900120000001,Burbank,BUR,Bob Hope,United States,US,67,BUR
20981,BWI,-1.375900720576461,UA,3478.0,EWR,20180112,fri,1930,0,2045,0,75,0,0,0,0,0,0,N858RW,A,0,0,0,0,0,0,0,0,0,jan,0,evening,Baltimore/Washington International Thurgood Marshall Airport,Baltimore,United States,BWI,39.1754,-76.668297,Baltimore,BWI,Balt/wash International,United States,US,67,BWI
23479,BZN,-16.41176470588235,AA,5993.0,DFW,20180106,sat,1535,1529,1934,1907,179,158,-6,-27,-21,1543,1857,N244LR,,0,0,0,0,0,0,0,0,0,jan,0,late_afternoon,Gallatin Field,Bozeman,United States,BZN,45.77750015,-111.15299990000001,Bozeman,BZN,Gallatin Field,United States,US,67,BZN
23496,CAE,20.26923076923077,AA,4192.0,PHL,20180105,fri,1046,1249,1230,1417,104,88,123,107,-16,1301,1414,N421ZW,,107,0,0,0,0,0,0,0,0,jan,1,late_morning,Columbia Metropolitan Airport,Columbia,United States,CAE,33.93880081,-81.11949921,Columbia,CAE,Metropolitan Airport,United States,US,67,CAE
23808,CAK,0.6091954022988506,UA,3777.0,ORD,20180119,fri,1327,1315,1404,1328,97,73,-12,-36,-24,1325,1323,N409AW,,0,0,0,0,0,0,0,0,0,jan,0,early_afternoon,Akron Canton Regional Airport,Akron,United States,CAK,40.91609955,-81.44219971,Akron/Canton,CAK,Akron/Canton Regional,United States,US,67,CAK
23895,CDV,2.3970588235294117,AS,61.0,ANC,20180227,tue,1324,1317,1409,1412,45,55,-7,3,10,1330,1406,N506AS,,0,0,0,0,0,0,0,0,0,feb,1,early_afternoon,Merle K (Mudhole) Smith Airport,Cordova,United States,CDV,60.49179839999999,-145.4779968,Cordova,CDV,Mudhole Smith,United States,US,67,CDV
23963,CHA,5.131221719457014,UA,3784.0,ORD,20180125,thu,1734,1725,1835,1836,121,131,-9,1,10,1807,1832,N429AW,,0,0,0,0,0,0,0,0,0,jan,1,late_afternoon,Lovell Field,Chattanooga,United States,CHA,35.03530121,-85.20379639,Chattanooga,CHA,Lovell Field,United States,US,67,CHA
24184,CHO,7.6,UA,3781.0,ORD,20180116,tue,702,711,800,812,118,121,9,12,3,736,806,N419AW,,0,0,0,0,0,0,0,0,0,jan,1,morning,Charlottesville Albemarle Airport,Charlottesville VA,United States,CHO,38.138599400000004,-78.45290375,Charlottesville,CHO,Albemarle,United States,US,67,CHO
24319,CHS,-3.917525773195876,B6,989.0,DCA,20180228,wed,1516,1501,1645,1651,89,110,-15,6,21,1531,1647,N178JB,,0,0,0,0,0,0,0,0,0,feb,1,late_afternoon,Charleston Air Force Base-International Airport,Charleston,United States,CHS,32.89860153,-80.04049683,Charleston,CHS,AFB Municipal,United States,US,67,CHS
24998,CID,30.140845070422536,UA,3795.0,ORD,20180103,wed,640,1140,757,1307,77,87,300,310,10,1208,1254,N435AW,,300,0,10,0,0,0,0,0,0,jan,1,morning,The Eastern Iowa Airport,Cedar Rapids,United States,CID,41.88470078,-91.71080017,Cedar Rapids,CID,Cedar Rapids,United States,US,67,CID
25069,CLE,3.772004241781548,DL,5008.0,DTW,20180225,sun,1745,1742,1847,1824,62,42,-3,-23,-20,1753,1819,N330PQ,,0,0,0,0,0,0,0,0,0,feb,0,late_afternoon,Cleveland Hopkins International Airport,Cleveland,United States,CLE,41.4117012,-81.84980011,Cleveland,CLE,Hopkins International,United States,US,1,CLE
26012,CLT,0.9430459050005695,AA,655.0,DCA,20180222,thu,1130,1130,1256,1250,86,80,0,-6,-6,1150,1243,N770UW,,0,0,0,0,0,0,0,0,0,feb,0,late_morning,Charlotte Douglas International Airport,Charlotte,United States,CLT,35.21400070000001,-80.94309998,Charlotte,CLT,Douglas,United States,US,67,CLT
34791,CMH,4.738864142538976,UA,3437.0,DEN,20180117,wed,755,751,928,837,213,166,-4,-51,-47,800,827,N864RW,,0,0,0,0,0,0,0,0,0,jan,0,morning,John Glenn Columbus International Airport,Columbus,United States,CMH,39.998001,-82.891899,Columbus,CMH,Port Columbus Intl,United States,US,67,CMH
36587,CMI,20.862068965517242,UA,4610.0,ORD,20180204,sun,530,521,631,658,61,97,-9,27,36,609,647,N18120,,0,0,27,0,0,0,0,0,0,feb,1,early_morning,University of Illinois Willard Airport,Champaign,United States,CMI,40.03919983,-88.27809906,Champaign,CMI,University Of Illinois Willard,United States,US,67,CMI
36674,COS,8.035175879396984,UA,3646.0,IAH,20180117,wed,1205,0,1527,0,142,0,0,0,0,0,0,N863RW,A,0,0,0,0,0,0,0,0,0,jan,0,early_afternoon,City of Colorado Springs Municipal Airport,Colorado Springs,United States,COS,38.805801,-104.70099599999999,Colorado Springs,COS,Colorado Springs,United States,US,67,COS
36873,COU,87.27586206896552,UA,3831.0,ORD,20180101,mon,533,2021,650,2152,77,91,888,902,14,2046,2141,N435AW,,0,0,902,0,0,0,0,0,0,jan,1,early_morning,Columbia Regional Airport,Columbia,United States,COU,38.81809998,-92.21959686,Columbia,COU,Columbia Regional,United States,US,67,COU
36902,CPR,26.96825396825397,UA,4684.0,DEN,20180214,wed,1710,1748,1822,1846,72,58,38,24,-14,1757,1837,N16112,,6,0,0,0,18,0,0,0,0,feb,1,late_afternoon,Casper-Natrona County International Airport,Casper,United States,CPR,42.908001,-106.46399699999999,Casper,CPR,Casper,United States,US,67,CPR
36965,CRP,0.21153846153846154,AA,5796.0,DFW,20180108,mon,1044,1033,1208,1201,84,88,-11,-7,4,1047,1152,N944LR,,0,0,0,0,0,0,0,0,0,jan,0,late_morning,Corpus Christi International Airport,Corpus Christi,United States,CRP,27.77039909,-97.50119781,Corpus Christi,CRP,International,United States,US,67,CRP
37225,CRW,10.736434108527131,DL,3323.0,ATL,20180221,wed,1550,1554,1726,1724,96,90,4,-2,-6,1610,1720,N834AY,,0,0,0,0,0,0,0,0,0,feb,0,late_afternoon,Yeager Airport,Charleston,United States,CRW,38.37310028,-81.59320068,Charleston,CRW,Yeager,United States,US,67,CRW
37354,CSG,-0.3157894736842105,DL,3466.0,ATL,20180204,sun,1400,1355,1457,1500,57,65,-5,3,8,1415,1448,N833AY,,0,0,0,0,0,0,0,0,0,feb,1,early_afternoon,Columbus Metropolitan Airport,Columbus,United States,CSG,32.516300199999996,-84.93890381,,,,,,,
37449,CVG,1.7199091597274792,UA,3592.0,EWR,20180106,sat,1155,1139,1400,1328,125,109,-16,-32,-16,1151,1321,N739YX,,0,0,0,0,0,0,0,0,0,jan,0,late_morning,Cincinnati Northern Kentucky International Airport,Cincinnati,United States,CVG,39.04880142,-84.6678009,Cincinnati,CVG,Cinci./Nrthrn Kentucky,United States,US,67,CVG
38770,CWA,11.771428571428572,DL,3397.0,DTW,20180203,sat,830,820,1101,1046,91,86,-10,-15,-5,843,1033,N8976E,,0,0,0,0,0,0,0,0,0,feb,0,morning,Central Wisconsin Airport,Wassau,United States,CWA,44.77759933,-89.66680145,Wausau,CWA,Central Wisconsin,United States,US,67,CWA
38945,DAB,5.761904761904762,B6,500.0,JFK,20180224,sat,1229,1221,1452,1437,143,136,-8,-15,-7,1234,1430,N564JB,,0,0,0,0,0,0,0,0,0,feb,0,early_afternoon,Daytona Beach International Airport,Daytona Beach,United States,DAB,29.179899,-81.058098,Daytona Beach,DAB,Regional,United States,US,67,DAB
38966,DAL,-2.0687418936446176,WN,1844.0,BWI,20180124,wed,1525,1525,1910,1846,165,141,0,-24,-24,1532,1843,N8541W,,0,0,0,0,0,0,0,0,0,jan,0,late_afternoon,Dallas Love Field,Dallas,United States,DAL,32.847099,-96.851799,Dallas,DAL,Love Field,United States,US,67,DAL
40508,DAY,8.252475247524753,UA,4639.0,ORD,20180211,sun,1550,1544,1608,1556,78,72,-6,-12,-6,1555,1541,N21144,,0,0,0,0,0,0,0,0,0,feb,0,late_afternoon,James M Cox Dayton International Airport,Dayton,United States,DAY,39.90240097,-84.2193985,Dayton,DAY,James Cox Dayton Intl,United States,US,67,DAY
40912,DCA,2.0643092105263157,AA,4346.0,RDU,20180209,fri,1935,1942,2104,2049,79,67,-3,-15,-12,2004,2045,N614AE,,0,0,0,0,0,0,0,0,0,feb,0,evening,Ronald Reagan Washington National Airport,Washington,United States,DCA,38.8521,-77.037697,Washington,DCA,Ronald Reagan National,United States,US,67,DCA
46992,DEN,7.803314121037464,WN,3463.0,OKC,20180114,sun,1115,1108,1345,1326,90,78,-7,-19,-12,1121,1323,N225WN,,0,0,0,0,0,0,0,0,0,jan,0,late_morning,Denver International Airport,Denver,United States,DEN,39.86169815,-104.6729965,Denver,DEN,Denver International,United States,US,67,DEN
51156,DFW,8.528481682783935,AA,1911.0,PHL,20180220,tue,906,937,1315,1331,189,174,31,16,-15,952,1323,N162UW,,16,0,0,0,0,0,0,0,0,feb,1,late_morning,Dallas Fort Worth International Airport,Dallas-Fort Worth,United States,DFW,32.896801,-97.038002,Dallas,DFW,Dallas/Ft Worth Intl,United States,US,67,DFW
65323,DIK,35.94736842105263,UA,4694.0,DEN,20180220,tue,715,715,908,924,113,129,0,16,16,747,913,N18102,,0,0,16,0,0,0,0,0,0,feb,1,morning,Dickinson Theodore Roosevelt Regional Airport,Dickinson,United States,DIK,46.79740143,-102.802002,Dickinson,DIK,Dickinson,United States,US,67,DIK
65380,DRO,-11.181818181818182,AA,5973.0,DFW,20180107,sun,615,634,927,928,132,114,19,1,-18,656,922,N917FJ,,0,0,0,0,0,0,0,0,0,jan,1,morning,Durango La Plata County Airport,Durango,United States,DRO,37.15150070000001,-107.7539978,Durango,DRO,La Plata,United States,US,67,DRO
65512,DSM,6.86344537815126,AA,531.0,PHX,20180213,tue,715,830,956,1052,221,202,75,56,-19,846,1043,N673AW,,56,0,0,0,0,0,0,0,0,feb,1,morning,Des Moines International Airport,Des Moines,United States,DSM,41.5340004,-93.6631012,Des Moines,DSM,Des Moines,United States,US,67,DSM
65988,DTW,7.13236337828247,DL,3792.0,IAH,20180211,sun,1556,1755,1830,2055,214,240,119,145,26,1856,2042,N272PQ,,0,119,26,0,0,0,0,0,0,feb,1,late_afternoon,Detroit Metropolitan Wayne County Airport,Detroit,United States,DTW,42.21239853,-83.35340118,Detroit,DTW,Wayne County,United States,US,67,DTW
68806,ECP,1.8666666666666667,WN,3502.0,HOU,20180120,sat,1120,1112,1315,1252,115,100,-8,-23,-15,1119,1247,N7816B,,0,0,0,0,0,0,0,0,0,jan,0,late_morning,Northwest Florida Beaches International Airport,Panama City,United States,ECP,30.357105999999998,-85.79541400000001,,,,,,,
68836,EGE,48.8494623655914,AA,2333.0,DFW,20180203,sat,1250,1251,1555,1556,125,125,1,1,0,1313,1550,N195AN,,0,0,0,0,0,0,0,0,0,feb,1,early_afternoon,Eagle County Regional Airport,Vail,United States,EGE,39.64260101,-106.9179993,Vail/Eagle,EGE,Eagle County,United States,US,67,EGE
69022,ELP,2.7382039573820394,AA,5859.0,DFW,20180123,tue,810,802,1054,1037,104,95,-8,-17,-9,815,1025,N957LR,,0,0,0,0,0,0,0,0,0,jan,0,morning,El Paso International Airport,El Paso,United States,ELP,31.80719948,-106.37799840000002,El Paso,ELP,International,United States,US,67,ELP
69679,ERI,19.9672131147541,UA,3799.0,ORD,20180109,tue,1745,1734,1835,1821,110,107,-11,-14,-3,1800,1812,N435AW,,0,0,0,0,0,0,0,0,0,jan,0,late_afternoon,Erie International Tom Ridge Field,Erie,United States,ERI,42.08312701,-80.17386675,Erie,ERI,International,United States,US,67,ERI
69740,EVV,19.314720812182742,DL,3283.0,ATL,20180205,mon,1110,1144,1337,1405,87,81,34,28,-6,1205,1359,N8928A,,28,0,0,0,0,0,0,0,0,feb,1,late_morning,Evansville Regional Airport,Evansville,United States,EVV,38.03699875,-87.53240204,Evansville,EVV,Dress Regional,United States,US,67,EVV
69937,EWN,-7.678571428571429,DL,3301.0,ATL,20180205,mon,1415,1406,1605,1547,110,101,-9,-18,-9,1422,1537,N686BR,,0,0,0,0,0,0,0,0,0,feb,0,early_afternoon,Coastal Carolina Regional Airport,New Bern,United States,EWN,35.07300186,-77.04290009,New Bern,EWN,Simmons Nott,United States,US,67,EWN
69993,EWR,1.170163840183961,UA,3602.0,XNA,20180125,thu,840,825,1106,1046,206,201,-15,-20,-5,852,1038,N857RW,,0,0,0,0,0,0,0,0,0,jan,0,morning,Newark Liberty International Airport,Newark,United States,EWR,40.69250107,-74.16870117,Newark,EWR,Newark International Airport,United States,US,67,EWR
73472,EYW,3.1957186544342506,AA,4648.0,DCA,20180127,sat,1205,1157,1448,1423,163,146,-8,-25,-17,1207,1417,N415YX,,0,0,0,0,0,0,0,0,0,jan,0,early_afternoon,Key West International Airport,Key West,United States,EYW,24.55610085,-81.75959778,Key West,EYW,International,United States,US,67,EYW
73799,FAI,-15.59047619047619,AS,55.0,ANC,20180218,sun,1413,1353,1511,1454,58,61,-20,-17,3,1402,1450,N562AS,,0,0,0,0,0,0,0,0,0,feb,0,early_afternoon,Fairbanks International Airport,Fairbanks,United States,FAI,64.81510162,-147.85600280000003,Fairbanks,FAI,International,United States,US,67,FAI
74009,FAR,5.446428571428571,UA,4717.0,DEN,20180222,thu,550,543,703,702,133,139,-7,-1,6,612,655,N14116,,0,0,0,0,0,0,0,0,0,feb,0,early_morning,Hector International Airport,Fargo,United States,FAR,46.92070007,-96.81580353,Fargo,FAR,Hector Field,United States,US,67,FAR
74065,FAT,22.866197183098592,AA,5944.0,PHX,20180118,thu,1605,1723,1858,2027,113,124,78,89,11,1751,2017,N907FJ,,0,0,23,0,66,0,0,0,0,jan,1,late_afternoon,Fresno Yosemite International Airport,Fresno,United States,FAT,36.77619934,-119.71800230000001,Fresno,FAT,Airterminal,United States,US,67,FAT
74207,FAY,3.038095238095238,DL,3373.0,ATL,20180224,sat,1330,1337,1502,1450,92,73,7,-12,-19,1348,1445,N832AY,,0,0,0,0,0,0,0,0,0,feb,0,early_afternoon,Fayetteville Regional Grannis Field,Fayetteville,United States,FAY,34.99119949,-78.88030243,Fayetteville,FAY,Municipal,United States,US,67,FAY
74312,FCA,16.50561797752809,UA,4657.0,DEN,20180219,mon,1705,1721,1920,2046,135,205,16,86,70,1745,1948,N14125,,0,16,70,0,0,0,0,0,0,feb,1,late_afternoon,Glacier Park International Airport,Kalispell,United States,FCA,48.3105011,-114.2559967,Kalispell,FCA,Glacier National Park,United States,US,67,FCA
74401,FLL,4.447219983883964,B6,170.0,BOS,20180215,thu,800,752,1103,1116,183,204,-8,13,21,814,1110,N580JB,,0,0,0,0,0,0,0,0,0,feb,1,morning,Fort Lauderdale Hollywood International Airport,Fort Lauderdale,United States,FLL,26.072599,-80.152702,Fort Lauderdale,FLL,International,United States,US,67,FLL
76883,FNT,13.527777777777779,UA,3857.0,ORD,20180112,fri,1010,1005,1027,1054,77,109,-5,27,32,1042,1035,N429AW,,0,0,27,0,0,0,0,0,0,jan,1,late_morning,Bishop International Airport,Flint,United States,FNT,42.965400700000004,-83.74359894,Flint,FNT,Bishop,United States,US,67,FNT
76955,FSD,33.04854368932039,UA,3858.0,ORD,20180130,tue,740,729,929,916,109,107,-11,-13,-2,750,900,N434AW,,0,0,0,0,0,0,0,0,0,jan,0,morning,Joe Foss Field Airport,Sioux Falls,United States,FSD,43.58200073,-96.74189758,Sioux Falls,FSD,Regional(Jo Foss Fld),United States,US,67,FSD
77058,FSM,38.75438596491228,DL,3410.0,ATL,20180212,mon,1530,1529,1821,1805,111,96,-1,-16,-15,1537,1757,N8943A,,0,0,0,0,0,0,0,0,0,feb,0,late_afternoon,Fort Smith Regional Airport,Fort Smith,United States,FSM,35.33660126,-94.36740112,Fort Smith,FSM,Municipal,United States,US,67,FSM
77115,FWA,-0.2,AA,5966.0,DFW,20180122,mon,800,0,949,0,169,0,0,0,0,0,0,N946LR,B,0,0,0,0,0,0,0,0,0,jan,0,morning,Fort Wayne International Airport,Fort Wayne,United States,FWA,40.97850037,-85.19509888,Fort Wayne,FWA,Municipal/Baer Field,United States,US,67,FWA
77170,GEG,-4.030188679245283,WN,1440.0,LAS,20180124,wed,1355,1351,1610,1604,135,133,-4,-6,-2,1359,1602,N945WN,,0,0,0,0,0,0,0,0,0,jan,0,early_afternoon,Spokane International Airport,Spokane,United States,GEG,47.61989975,-117.5339966,Spokane,GEG,International,United States,US,67,GEG
77435,GFK,-8.173333333333334,DL,3366.0,MSP,20180203,sat,1720,1706,1843,1837,83,91,-14,-6,8,1735,1832,N832AY,,0,0,0,0,0,0,0,0,0,feb,0,late_afternoon,Grand Forks International Airport,Grand Forks,United States,GFK,47.949298999999996,-97.176102,Grand Forks,GFK,Grand Forks,United States,US,67,GFK
77510,GJT,47.857142857142854,UA,4629.0,DEN,20180217,sat,1250,1242,1353,1341,63,59,-8,-12,-4,1251,1334,N11155,,0,0,0,0,0,0,0,0,0,feb,0,early_afternoon,Grand Junction Regional Airport,Grand Junction,United States,GJT,39.12239838,-108.52700039999999,Grand Junction,GJT,Walker Field,United States,US,67,GJT
77545,GNV,-0.2638888888888889,DL,3454.0,ATL,20180223,fri,2001,1956,2123,2123,82,87,-5,0,5,2007,2059,N832AY,,0,0,0,0,0,0,0,0,0,feb,0,evening,Gainesville Regional Airport,Gainesville,United States,GNV,29.69009972,-82.27179718,Gainesville,GNV,Gainesville Regional,United States,US,67,GNV
77617,GPT,4.048192771084337,AA,5918.0,DFW,20180130,tue,1530,1516,1719,1705,109,109,-14,-14,0,1531,1650,N938LR,,0,0,0,0,0,0,0,0,0,jan,0,late_afternoon,Gulfport Biloxi International Airport,Gulfport,United States,GPT,30.40730095,-89.07009888,Gulfport,GPT,Biloxi Regional,United States,US,67,GPT
77700,GRB,-2.4918032786885247,UA,3924.0,ORD,20180125,thu,1845,1837,1958,1932,73,55,-8,-26,-18,1845,1921,N415AW,,0,0,0,0,0,0,0,0,0,jan,0,evening,Austin Straubel International Airport,Green Bay,United States,GRB,44.48509979,-88.12960052,Green Bay,GRB,Austin-straubel Field,United States,US,67,GRB
77761,GRI,11.357142857142858,AA,5923.0,DFW,20180102,tue,1540,1652,1737,1832,117,100,72,55,-17,1657,1817,N942LR,,8,0,0,0,47,0,0,0,0,jan,1,late_afternoon,Central Nebraska Regional Airport,Grand Island,United States,GRI,40.96749878,-98.30960083,Grand Island,GRI,Grand Island,United States,US,67,GRI
77775,GRK,8.3,AA,5802.0,DFW,20180108,mon,830,839,931,946,61,67,9,15,6,858,937,N913FJ,,0,0,6,9,0,0,0,0,0,jan,1,morning,Robert Gray  Army Air Field Airport,Killeen,United States,GRK,31.06719971,-97.8289032,Killeen,GRK,Gray AAF,United States,US,67,GRK
77785,GRR,1.2893401015228427,WN,3707.0,DEN,20180120,sat,610,617,720,713,190,176,7,-7,-14,629,707,N285WN,,0,0,0,0,0,0,0,0,0,jan,0,morning,Gerald R. Ford International Airport,Grand Rapids,United States,GRR,42.88079834,-85.52279663,Grand Rapids,GRR,Kent County Intl,United States,US,67,GRR
77982,GSO,17.93798449612403,AA,4594.0,MIA,20180120,sat,530,523,742,800,132,157,-7,18,25,614,754,N405YX,,0,0,18,0,0,0,0,0,0,jan,1,early_morning,Piedmont Triad International Airport,Greensboro,United States,GSO,36.09780121,-79.93730164,High Point,GSO,Piedmont Triad Intl,United States,US,67,GSO
78111,GSP,-0.22491349480968859,UA,3873.0,IAD,20180115,mon,955,947,1132,1115,97,88,-8,-17,-9,1001,1105,N467AW,,0,0,0,0,0,0,0,0,0,jan,0,late_morning,Greenville Spartanburg International Airport,Greenville,United States,GSP,34.89569855,-82.21890259,Greenville,GSP,Greenville-Spartanbur,United States,US,67,GSP
78400,GTF,15.566666666666666,UA,4679.0,DEN,20180206,tue,1510,1501,1700,1639,110,98,-9,-21,-12,1514,1632,N11119,,0,0,0,0,0,0,0,0,0,feb,0,late_afternoon,Great Falls International Airport,Great Falls,United States,GTF,47.48199844,-111.3710022,Great Falls,GTF,International,United States,US,67,GTF
78460,GUC,16.876543209876544,UA,4654.0,DEN,20180215,thu,1305,1256,1414,1400,69,64,-9,-14,-5,1317,1351,N11127,,0,0,0,0,0,0,0,0,0,feb,0,early_afternoon,Gunnison Crested Butte Regional Airport,Gunnison,United States,GUC,38.53390121,-106.9329987,Gunnison,GUC,Gunnison,United States,US,67,GUC
78541,GUM,-1.1764705882352942,UA,6397.0,SPN,20180204,sun,1645,1645,1735,1735,50,50,0,0,0,1705,1730,N14834,,0,0,0,0,0,0,0,0,0,feb,0,late_afternoon,Antonio B. Won Pat International Airport,Agana,Guam,GUM,13.48340034,144.7960052,,,,,,,
78677,HDN,13.043010752688172,AA,2529.0,DFW,20180217,sat,1325,1343,1638,1635,133,112,18,-3,-21,1352,1626,N901NN,,0,0,0,0,0,0,0,0,0,feb,0,early_afternoon,Yampa Valley Airport,Hayden,United States,HDN,40.48120117,-107.21800230000001,Hayden,HDN,Yampa Valley,United States,US,67,HDN
78770,HNL,-6.089330024813896,AA,102.0,DFW,20180201,thu,2105,0,826,0,441,0,0,0,0,0,0,N775AN,A,0,0,0,0,0,0,0,0,0,feb,0,late_evening,Daniel K Inouye International Airport,Honolulu,United States,HNL,21.32062,-157.924228,Honolulu,HNL,International,United States,US,67,HNL
79173,HOU,-1.2522522522522523,WN,843.0,CLT,20180107,sun,2000,2015,2315,2323,135,128,15,8,-7,2023,2318,N8688J,,0,0,0,0,0,0,0,0,0,jan,1,evening,William P Hobby Airport,Houston,United States,HOU,29.64539909,-95.27890015,Houston,HOU,Hobby,United States,US,67,HOU
80394,HPN,9.314855875831485,B6,1895.0,MCO,20180212,mon,630,621,926,912,176,171,-9,-14,-5,633,902,N768JB,,0,0,0,0,0,0,0,0,0,feb,0,morning,Westchester County Airport,White Plains,United States,HPN,41.06700134,-73.70760345,Westchester County,HPN,Westchester County Apt,United States,US,67,HPN
80845,HRL,6.829787234042553,WN,3408.0,HOU,20180113,sat,1250,1249,1400,1352,70,63,-1,-8,-7,1258,1347,N270WN,,0,0,0,0,0,0,0,0,0,jan,0,early_afternoon,Valley International Airport,Harlingen,United States,HRL,26.22850037,-97.65440369,Harlingen,HRL,Valley International,United States,US,67,HRL
80939,HSV,-3.145077720207254,AA,5739.0,DFW,20180104,thu,1553,1611,1800,1808,127,117,18,8,-10,1625,1802,N947LR,,0,0,0,0,0,0,0,0,0,jan,1,late_afternoon,Huntsville International Carl T Jones Field,Huntsville,United States,HSV,34.6371994,-86.77510071,Huntsville,HSV,Huntsville,United States,US,67,HSV
81132,IAD,4.661154627212069,UA,3786.0,CHO,20180108,mon,1745,1818,1842,1944,57,86,33,62,29,1921,1941,N424AW,,0,0,29,0,33,0,0,0,0,jan,1,late_afternoon,Washington Dulles International Airport,Washington,United States,IAD,38.94449997,-77.45580292,"Dulles, DC",IAD,Washington Dulles Intl,United States,US,67,IAD
84579,IAH,2.5285878300803675,DL,6102.0,LGA,20180110,wed,610,601,1040,1029,210,208,-9,-11,-2,613,1025,N868RW,,0,0,0,0,0,0,0,0,0,jan,0,morning,George Bush Intercontinental Houston Airport,Houston,United States,IAH,29.984399800000002,-95.34140015,Houston,IAH,George Bush Intercntl.,United States,US,67,IAH
88934,ICT,1.65,AA,1108.0,DFW,20180228,wed,630,627,757,744,87,77,-3,-13,-10,635,732,N982TW,,0,0,0,0,0,0,0,0,0,feb,0,morning,Wichita Eisenhower National Airport,Wichita,United States,ICT,37.649899,-97.433098,Wichita,ICT,Mid-Continent,United States,US,67,ICT
89134,ILM,-10.04054054054054,AA,2092.0,CLT,20180214,wed,700,654,817,754,77,60,-6,-23,-17,705,746,N702UW,,0,0,0,0,0,0,0,0,0,feb,0,morning,Wilmington International Airport,Wilmington,United States,ILM,34.27059937,-77.90260315,Wilmington,ILM,New Hanover County,United States,US,67,ILM
89208,IND,5.088807146610614,AA,4564.0,MIA,20180106,sat,650,649,943,951,173,182,-1,8,9,725,946,N403YX,,0,0,0,0,0,0,0,0,0,jan,1,morning,Indianapolis International Airport,Indianapolis,United States,IND,39.7173,-86.294403,Indianapolis,IND,International,United States,US,67,IND
91111,ISN,10.0,UA,4718.0,DEN,20180223,fri,1722,1710,1820,1811,118,121,-12,-9,3,1721,1802,N11150,,0,0,0,0,0,0,0,0,0,feb,0,late_afternoon,Sloulin Field International Airport,Williston,United States,ISN,48.17789841,-103.6419983,Williston,ISN,Sloulin Field Intl,United States,US,67,ISN
91135,ISP,-4.857142857142857,WN,1555.0,PBI,20180124,wed,1245,1239,1545,1537,180,178,-6,-8,-2,1249,1534,N8503A,,0,0,0,0,0,0,0,0,0,jan,0,early_afternoon,Long Island Mac Arthur Airport,Islip,United States,ISP,40.79520035,-73.10019684,Islip,ISP,Long Island Macarthur,United States,US,67,ISP
91226,JAC,12.277777777777779,AA,2597.0,ORD,20180217,sat,1311,1336,1722,1757,191,201,25,35,10,1351,1711,N9026C,,9,0,10,0,16,0,0,0,0,feb,1,early_afternoon,Jackson Hole Airport,Jacksn Hole,United States,JAC,43.6072998,-110.737999,Jackson,JAC,Jackson Hole,United States,US,67,JAC
91262,JAN,15.525,AA,5721.0,DFW,20180122,mon,607,1022,745,1157,98,95,255,252,-3,1032,1142,N933LR,,252,0,0,0,0,0,0,0,0,jan,1,morning,Jackson-Medgar Wiley Evers International Airport,Jackson,United States,JAN,32.31119919,-90.07589722,Jackson,JAN,Jackson-Evers,United States,US,67,JAN
91382,JAX,3.94910941475827,AA,4399.0,MIA,20180120,sat,620,614,736,742,76,88,-6,6,12,638,737,N422YX,,0,0,0,0,0,0,0,0,0,jan,1,morning,Jacksonville International Airport,Jacksonville,United States,JAX,30.49410057,-81.68789673,Jacksonville,JAX,International,United States,US,67,JAX
92561,JFK,2.5603479521565786,AA,1468.0,PHX,20180224,sat,600,637,1006,1041,366,364,37,35,-2,653,1034,N305NX,,35,0,0,0,0,0,0,0,0,feb,1,morning,John F Kennedy International Airport,New York,United States,JFK,40.63980103,-73.77890015,New York,JFK,John F Kennedy Intl,United States,US,67,JFK
98079,JNU,-3.124242424242424,AS,60.0,KTN,20180216,fri,757,738,905,857,68,79,-19,-8,11,808,852,N518AS,,0,0,0,0,0,0,0,0,0,feb,0,morning,Juneau International Airport,Juneau,United States,JNU,58.35499954,-134.576004,Juneau,JNU,Boundary Bay,United States,US,67,JNU
98409,KOA,9.20524017467249,AS,804.0,SAN,20180228,wed,1500,1457,2213,0,313,0,-3,0,0,0,0,N579AS,A,0,0,0,0,0,1457,14,14,0,feb,0,late_afternoon,Ellison Onizuka Kona International At Keahole Airport,Kona,United States,KOA,19.738782999999998,-156.045603,Kona,KOA,Keahole,United States,US,67,KOA
98638,KTN,-3.215909090909091,AS,62.0,SEA,20180211,sun,1346,1343,1634,1630,108,107,-3,-4,-1,1352,1623,N569AS,,0,0,0,0,0,0,0,0,0,feb,0,early_afternoon,Ketchikan International Airport,Ketchikan,United States,KTN,55.35559845,-131.7140045,Ketchikan,KTN,International,United States,US,67,KTN
98814,LAN,12.728813559322035,AA,4352.0,DCA,20180225,sun,710,702,915,833,115,91,-8,-32,-24,713,825,N611AE,,0,0,0,0,0,0,0,0,0,feb,0,morning,Capital City Airport,Lansing,United States,LAN,42.77870178,-84.58740234,Lansing,LAN,Capital City,United States,US,67,LAN
98932,LAS,-2.998700876908087,WN,3389.0,BUR,20180107,sun,2055,2104,2155,2208,60,64,9,13,4,2118,2206,N754SW,,0,0,0,0,0,0,0,0,0,jan,1,evening,McCarran International Airport,Las Vegas,United States,LAS,36.08010101,-115.15200039999999,Las Vegas,LAS,Mccarran Intl,United States,US,67,LAS
102011,LAX,-7.792589344442009,AA,1835.0,PHX,20180217,sat,1830,1824,2116,2052,106,88,-6,-24,-18,1842,2043,N756US,,0,0,0,0,0,0,0,0,0,feb,0,evening,Los Angeles International Airport,Los Angeles,United States,LAX,33.94250107,-118.40799709999999,Los Angeles,LAX,Los Angeles International,United States,US,67,LAX
106572,LBB,7.310344827586207,WN,2778.0,DAL,20180106,sat,1500,1453,1605,1551,65,58,-7,-14,-7,1459,1547,N7743B,,0,0,0,0,0,0,0,0,0,jan,0,late_afternoon,Lubbock Preston Smith International Airport,Lubbock,United States,LBB,33.663601,-101.822998,Lubbock,LBB,International,United States,US,67,LBB
106746,LEX,2.258241758241758,DL,4054.0,ATL,20180227,tue,1959,1950,2130,2111,91,81,-9,-19,-10,2003,2102,N8908D,,0,0,0,0,0,0,0,0,0,feb,0,evening,Blue Grass Airport,Lexington KY,United States,LEX,38.03649902,-84.60590363,Lexington,LEX,Blue Grass,United States,US,67,LEX
106928,LFT,7.205882352941177,UA,3664.0,IAH,20180111,thu,1750,1825,1900,1947,70,82,35,47,12,1840,1926,N633RW,,0,0,47,0,0,0,0,0,0,jan,1,late_afternoon,Lafayette Regional Airport,Lafayette,United States,LFT,30.20529938,-91.98760223,New Iberia,LFT,Lafayette Regional,United States,US,67,LFT
106996,LGA,2.7149970708845927,DL,3458.0,MKE,20180226,mon,705,704,846,837,161,153,-1,-9,-8,733,831,N915XJ,,0,0,0,0,0,0,0,0,0,feb,0,morning,La Guardia Airport,New York,United States,LGA,40.77719879,-73.87259674,New York,LGA,La Guardia,United States,US,67,LGA
113824,LGB,3.8979591836734695,B6,1936.0,SFO,20180222,thu,1240,1246,1411,1420,91,94,6,9,3,1301,1415,N595JB,,0,0,0,0,0,0,0,0,0,feb,1,early_afternoon,Long Beach /Daugherty Field/ Airport,Long Beach,United States,LGB,33.81769943,-118.15200039999999,Long Beach,LGB,Long Beach Municipal,United States,US,67,LGB
114559,LIH,-6.450980392156863,AS,868.0,OAK,20180225,sun,1510,1504,2213,2220,303,316,-6,7,13,1515,2214,N513AS,,0,0,0,0,0,0,0,0,0,feb,1,late_afternoon,Lihue Airport,Lihue,United States,LIH,21.97599983,-159.3390045,Kauai Island,LIH,Lihue,United States,US,67,LIH
114763,LIT,-0.017699115044247787,UA,6132.0,IAH,20180118,thu,925,921,1100,1108,95,107,-4,8,12,956,1059,N88326,,0,0,0,0,0,0,0,0,0,jan,1,late_morning,Bill & Hillary Clinton National Airport/Adams Field,Little Rock,United States,LIT,34.72940063,-92.22429657,Little Rock,LIT,Regional Airport,United States,US,67,LIT
114876,LNK,14.102941176470589,UA,3888.0,ORD,20180115,mon,1445,1521,1629,1654,104,93,36,25,-11,1528,1642,N457AW,,1,0,0,0,24,0,0,0,0,jan,1,early_afternoon,Lincoln Airport,Lincoln,United States,LNK,40.85100174,-96.75920105,Lincoln,LNK,Municipal,United States,US,67,LNK
115012,MAF,-0.9146005509641874,UA,3442.0,IAH,20180118,thu,525,523,655,655,90,92,-2,0,2,539,646,N746YX,,0,0,0,0,0,0,0,0,0,jan,0,early_morning,Midland International Airport,Midland,United States,MAF,31.94249916,-102.2020035,Midland,MAF,Odessa Regional,United States,US,67,MAF
115375,MBS,-7.45,DL,3407.0,DTW,20180214,wed,535,533,640,628,65,55,-2,-12,-10,556,618,N601LR,,0,0,0,0,0,0,0,0,0,feb,0,early_morning,MBS International Airport,Saginaw,United States,MBS,43.53290176,-84.07959747,Saginaw,MBS,Tri City,United States,US,67,MBS
115415,MCI,2.9093982420554427,AA,4604.0,DCA,20180125,thu,545,538,915,905,150,147,-7,-10,-3,551,857,N124HQ,,0,0,0,0,0,0,0,0,0,jan,0,early_morning,Kansas City International Airport,Kansas City,United States,MCI,39.2976,-94.713898,Kansas City,MCI,Kansas City International Airport,United States,US,67,MCI
116894,MCO,-0.28520499108734404,B6,846.0,SWF,20180212,mon,1352,1448,1636,1713,164,145,56,37,-19,1500,1707,N374JB,,37,0,0,0,0,1342,20,20,0,feb,1,early_afternoon,Orlando International Airport,Orlando,United States,MCO,28.42939949,-81.30899811,Orlando,MCO,International,United States,US,67,MCO
120260,MDT,-11.014285714285714,UA,3822.0,IAD,20180124,wed,615,623,718,706,63,43,8,-12,-20,633,700,N438AW,,0,0,0,0,0,0,0,0,0,jan,0,morning,Harrisburg International Airport,Harrisburg,United States,MDT,40.19350052,-76.76339722,Harrisburg,MDT,Harrisburg Intl,United States,US,67,MDT
120400,MDW,-0.22919179734620024,WN,3430.0,DCA,20180120,sat,1610,1605,1850,1832,100,87,-5,-18,-13,1612,1828,N233LV,,0,0,0,0,0,0,0,0,0,jan,0,late_afternoon,Chicago Midway International Airport,Chicago,United States,MDW,41.785999,-87.752403,Chicago,MDW,Midway,United States,US,67,MDW
122058,MEM,3.2527624309392267,AA,5876.0,PHX,20180129,mon,1430,1449,1713,1657,223,188,19,-16,-35,1457,1653,N926LR,,0,0,0,0,0,0,0,0,0,jan,0,early_afternoon,Memphis International Airport,Memphis,United States,MEM,35.04240036,-89.97669983,Memphis,MEM,International,United States,US,67,MEM
122782,MFE,5.203592814371257,AA,5921.0,DFW,20180129,mon,1115,1114,1248,1243,93,89,-1,-5,-4,1125,1237,N326MS,,0,0,0,0,0,0,0,0,0,jan,0,late_morning,Mc Allen Miller International Airport,Mcallen,United States,MFE,26.17580032,-98.23860168,Mission,MFE,Mission,United States,US,67,MFE
122949,MGM,-0.3877551020408163,AA,5886.0,DFW,20180122,mon,550,549,804,807,134,138,-1,3,4,602,752,N957LR,,0,0,0,0,0,0,0,0,0,jan,1,early_morning,Montgomery Regional (Dannelly Field) Airport,MONTGOMERY,United States,MGM,32.30059814,-86.39399719,Montgomery,MGM,Dannelly Fld,United States,US,67,MGM
122998,MHT,1.1399416909620992,DL,3773.0,LGA,20180208,thu,554,541,729,701,95,80,-13,-28,-15,601,657,N8969A,,0,0,0,0,0,0,0,0,0,feb,0,early_morning,Manchester-Boston Regional Airport,Manchester NH,United States,MHT,42.932598,-71.435699,Manchester,MHT,Municipal,United States,US,67,MHT
123341,MIA,-3.5653343581860106,AA,4545.0,BNA,20180111,thu,1110,1108,1240,1225,150,137,-2,-15,-13,1124,1219,N411YX,,0,0,0,0,0,0,0,0,0,jan,0,late_morning,Miami International Airport,Miami,United States,MIA,25.79319954,-80.29060364,Miami,MIA,Miami International Airport,United States,US,67,MIA
128545,MKE,5.350259067357513,UA,3768.0,ORD,20180119,fri,1035,1100,1131,1149,56,49,25,18,-7,1117,1144,N464AW,,18,0,0,0,0,0,0,0,0,jan,1,late_morning,General Mitchell International Airport,Milwaukee,United States,MKE,42.94720078,-87.89659882,Milwaukee,MKE,General Mitchell,United States,US,67,MKE
129510,MLI,6.510489510489511,UA,4745.0,ORD,20180204,sun,1355,0,1459,0,64,0,0,0,0,0,0,,B,0,0,0,0,0,0,0,0,0,feb,0,early_afternoon,Quad City International Airport,Moline,United States,MLI,41.44850159,-90.50749969,Moline,MLI,Quad-City,United States,US,67,MLI
129653,MOB,6.388888888888889,AA,5734.0,DFW,20180106,sat,600,556,757,846,117,170,-4,49,53,646,813,N242LR,,0,0,49,0,0,0,0,0,0,jan,1,morning,Mobile Regional Airport,Mobile,United States,MOB,30.69120026,-88.24279785,Mobile,MOB,Mobile Regional Arpt,United States,US,67,MOB
129725,MOT,-21.65714285714286,DL,3369.0,MSP,20180207,wed,1655,1705,1835,1821,100,76,10,-14,-24,1714,1816,N228PQ,,0,0,0,0,0,0,0,0,0,feb,0,late_afternoon,Minot International Airport,Minot,United States,MOT,48.25939941,-101.2799988,Minot,MOT,International,United States,US,67,MOT
129760,MRY,12.307692307692308,AA,5755.0,PHX,20180112,fri,1609,1656,1910,2000,121,124,47,50,3,1713,1940,N915FJ,,0,0,50,0,0,0,0,0,0,jan,1,late_afternoon,Monterey Peninsula Airport,Monterey,United States,MRY,36.587001799999996,-121.84300230000001,Monterey,MRY,Monterey Peninsula,United States,US,67,MRY
129851,MSN,8.422360248447205,DL,5998.0,DCA,20180131,wed,1715,1704,2019,1945,124,101,-11,-34,-23,1715,1940,N815MD,,0,0,0,0,0,0,0,0,0,jan,0,late_afternoon,Dane County Regional Truax Field,Madison,United States,MSN,43.13990021,-89.33750153,Madison,MSN,Dane County Regional,United States,US,67,MSN
130012,MSO,6.43298969072165,UA,4692.0,DEN,20180208,thu,1435,1425,1638,1607,123,102,-10,-31,-21,1434,1603,N11119,,0,0,0,0,0,0,0,0,0,feb,0,early_afternoon,Missoula International Airport,Missoula,United States,MSO,46.91630173,-114.0910034,Missoula,MSO,Johnson-Bell Field,United States,US,67,MSO
130109,MSP,11.29443447037702,DL,3797.0,SAT,20180215,thu,1322,1356,1640,1658,198,182,34,18,-16,1414,1655,N602LR,,0,0,0,0,18,0,0,0,0,feb,1,early_afternoon,Minneapolis-St Paul International/Wold-Chamberlain Airport,Minneapolis,United States,MSP,44.882,-93.221802,Minneapolis,MSP,St Paul Intl,United States,US,67,MSP
132337,MSY,4.444299674267101,WN,4125.0,SAN,20180120,sat,1005,1004,1215,1158,250,234,-1,-17,-16,1016,1155,N968WN,,0,0,0,0,0,0,0,0,0,jan,0,late_morning,Louis Armstrong New Orleans International Airport,New Orleans,United States,MSY,29.99340057,-90.25800323,New Orleans,MSY,Louis Armstrong New Orleans International Airport,United States,US,67,MSY
133872,MTJ,13.31496062992126,UA,4744.0,DEN,20180215,thu,925,924,1039,1013,74,49,-1,-26,-25,933,1004,N12136,,0,0,0,0,0,0,0,0,0,feb,0,late_morning,Montrose Regional Airport,Montrose CO,United States,MTJ,38.50979996,-107.8939972,Montrose,MTJ,Montrose County,United States,US,67,MTJ
133999,MYR,-2.4583333333333335,AA,5903.0,DFW,20180104,thu,1125,0,1345,0,200,0,0,0,0,0,0,N920FJ,B,0,0,0,0,0,0,0,0,0,jan,0,late_morning,Myrtle Beach International Airport,Myrtle Beach,United States,MYR,33.67969894,-78.92829895,Myrtle Beach,MYR,Myrtle Beach AFB,United States,US,67,MYR
134023,OAJ,-4.121951219512195,DL,3311.0,ATL,20180224,sat,550,545,733,714,103,89,-5,-19,-14,604,706,N294PQ,,0,0,0,0,0,0,0,0,0,feb,0,early_morning,Albert J Ellis Airport,Jacksonville NC,United States,OAJ,34.82920074,-77.61209869,Jacksonville,OAJ,Albert J Ellis,United States,US,67,OAJ
134105,OAK,-2.7509349289454,WN,2574.0,BUR,20180121,sun,1935,1931,2040,2030,65,59,-4,-10,-6,1941,2028,N7832A,,0,0,0,0,0,0,0,0,0,jan,0,evening,Metropolitan Oakland International Airport,Oakland,United States,OAK,37.721298,-122.221001,Oakland,OAK,Metropolitan Oak Intl,United States,US,67,OAK
135442,OGG,-2.749185667752443,AS,862.0,PDX,20180214,wed,1300,1241,2014,2016,314,335,-19,2,21,1256,2013,N588AS,,0,0,0,0,0,0,0,0,0,feb,1,early_afternoon,Kahului Airport,Kahului,United States,OGG,20.8986,-156.429993,Kahului,OGG,Kahului,United States,US,67,OGG
135749,OKC,4.2311643835616435,UA,6075.0,IAD,20180103,wed,750,746,1137,1133,167,167,-4,-4,0,757,1129,N80343,,0,0,0,0,0,0,0,0,0,jan,0,morning,Will Rogers World Airport,Oklahoma City,United States,OKC,35.39310074,-97.60070038,Oklahoma City,OKC,Will Rogers World,United States,US,67,OKC
136333,OMA,3.822495606326889,WN,3670.0,DEN,20180106,sat,1840,1913,1920,1944,100,91,33,24,-9,1921,1938,N8670A,,0,0,0,0,24,0,0,0,0,jan,1,evening,Eppley Airfield,Omaha,United States,OMA,41.3032,-95.89409599999999,Omaha,OMA,Eppley Airfield,United States,US,67,OMA
136902,OME,7.681818181818182,AS,153.0,ANC,20180204,sun,2030,2027,2155,2148,85,81,-3,-7,-4,2030,2144,N562AS,,0,0,0,0,0,0,0,0,0,feb,0,evening,Nome Airport,Nome,United States,OME,64.5121994,-165.44500730000001,Nome,OME,Nome,United States,US,67,OME
136968,ONT,-0.06589785831960461,AA,1878.0,PHX,20180225,sun,1608,1611,1840,1819,92,68,3,-21,-24,1624,1815,N801AW,,0,0,0,0,0,0,0,0,0,feb,0,late_afternoon,Ontario International Airport,Ontario,United States,ONT,34.05599976,-117.60099790000001,Ontario,ONT,International,United States,US,67,ONT
137575,ORD,13.138494167550371,AA,1487.0,DEN,20180203,sat,2015,2023,2157,2152,162,149,8,-5,-13,2037,2144,N891NN,,0,0,0,0,0,0,0,0,0,feb,0,evening,Chicago O'Hare International Airport,Chicago,United States,ORD,41.9786,-87.9048,Chicago,ORD,Ohare International,United States,US,1,ORD
147005,ORF,5.909199522102748,AA,4205.0,PHL,20180129,mon,615,603,727,715,72,72,-12,-12,0,617,706,N452AW,,0,0,0,0,0,0,0,0,0,jan,0,morning,Norfolk International Airport,Norfolk,United States,ORF,36.89459991,-76.20120239,Norfolk,ORF,International,United States,US,67,ORF
147842,ORH,27.53846153846154,B6,1887.0,MCO,20180224,sat,1653,1638,2006,1932,193,174,-15,-34,-19,1647,1919,N358JB,,0,0,0,0,0,0,0,0,0,feb,0,late_afternoon,Worcester Regional Airport,Worcester,United States,ORH,42.26729965,-71.87570190000001,Worcester,ORH,Worcester,United States,US,67,ORH
147881,OTZ,-4.072727272727272,AS,154.0,ANC,20180219,mon,834,821,1005,1009,91,108,-13,4,17,842,1000,N611AS,,0,0,0,0,0,0,0,0,0,feb,1,morning,Ralph Wien Memorial Airport,Kotzebue,United States,OTZ,66.88469696,-162.598999,Kotzebue,OTZ,Kotzebue,United States,US,67,OTZ
147936,PBI,1.0789229340761375,AA,1423.0,DFW,20180218,sun,715,710,934,919,199,189,-5,-15,-10,722,900,N914NN,,0,0,0,0,0,0,0,0,0,feb,0,morning,Palm Beach International Airport,West Palm Beach,United States,PBI,26.68320084,-80.09559631,West Palm Beach,PBI,International,United States,US,67,PBI
149013,PDX,-7.892093485827946,AS,782.0,MCO,20180219,mon,630,621,1455,1518,325,357,-9,23,32,654,1512,N278AK,,0,0,23,0,0,0,0,0,0,feb,1,morning,Portland International Airport,Portland,United States,PDX,45.58869934,-122.59799960000001,Portland,PDX,Portland International,United States,US,67,PDX
151024,PHF,-1.0,AA,4716.0,CLT,20180105,fri,525,0,650,0,85,0,0,0,0,0,0,N115HQ,B,0,0,0,0,0,0,0,0,0,jan,0,early_morning,Newport News Williamsburg International Airport,Newport News,United States,PHF,37.13190079,-76.49299622,Williamsburg,PHF,Newport News/Williamsb,United States,US,67,PHF
151030,PHL,5.377366930073058,AA,706.0,SEA,20180226,mon,1830,1834,2150,2153,380,379,4,3,-1,1905,2138,N922US,,0,0,0,0,0,0,0,0,0,feb,1,evening,Philadelphia International Airport,Philadelphia,United States,PHL,39.87189865,-75.2410965,Philadelphia,PHL,Philadelphia International,United States,US,67,PHL
157737,PHX,0.1621091194557111,B6,602.0,BOS,20180213,tue,2359,5,643,613,284,248,6,-30,-36,15,609,N763JB,,0,0,0,0,0,0,0,0,0,feb,0,late_evening,Phoenix Sky Harbor International Airport,Phoenix,United States,PHX,33.43429947,-112.012001,Phoenix,PHX,Sky Harbor Intl,United States,US,67,PHX
165380,PIA,23.037735849056602,DL,3387.0,ATL,20180223,fri,1105,1059,1400,1341,115,102,-6,-19,-13,1109,1335,N832AY,,0,0,0,0,0,0,0,0,0,feb,0,late_morning,General Wayne A. Downing Peoria International Airport,Peoria,United States,PIA,40.66419983,-89.69329834,Peoria,PIA,Greater Peoria,United States,US,67,PIA
165592,PIT,2.0943775100401605,DL,3712.0,JFK,20180220,tue,1600,1634,1741,1800,101,86,34,19,-15,1646,1750,N921XJ,,0,0,0,0,19,0,0,0,0,feb,1,late_afternoon,Pittsburgh International Airport,Pittsburgh,United States,PIT,40.49150085,-80.23290253,Pittsburgh,PIT,Pittsburgh International Airport,United States,US,67,PIT
167584,PNS,0.12217194570135746,WN,2066.0,BNA,20180106,sat,900,854,1020,1007,80,73,-6,-13,-7,902,1002,N7852A,,0,0,0,0,0,0,0,0,0,jan,0,late_morning,Pensacola Regional Airport,Pensacola,United States,PNS,30.47340012,-87.18659973,Pensacola,PNS,Regional,United States,US,67,PNS
167805,PSE,-7.5476190476190474,B6,746.0,JFK,20180228,wed,503,453,813,830,250,277,-10,17,27,511,818,N663JB,,0,0,17,0,0,0,0,0,0,feb,1,early_morning,Mercedita Airport,Ponce,Puerto Rico,PSE,18.00830078,-66.56300354,Ponce,PSE,Mercedita,Puerto Rico,PR,3,PSE
167847,PSG,-6.2407407407407405,AS,65.0,JNU,20180223,fri,1213,1159,1254,1240,41,41,-14,-14,0,1212,1237,N614AS,,0,0,0,0,0,0,0,0,0,feb,0,early_afternoon,Petersburg James A Johnson Airport,Petersburg,United States,PSG,56.80170059,-132.9450073,Petersburg,PSG,Municipal,United States,US,67,PSG
167901,PSP,18.265372168284788,AA,2307.0,DFW,20180226,mon,1420,1421,1913,1902,173,161,1,-11,-12,1441,1847,N973NN,,0,0,0,0,0,0,0,0,0,feb,0,early_afternoon,Palm Springs International Airport,Palm Springs,United States,PSP,33.82970047,-116.50700379999999,Palm Springs,PSP,Municipal,United States,US,67,PSP
168210,PVD,2.966159052453469,AA,4472.0,PHL,20180105,fri,1300,1256,1423,1424,83,88,-4,1,5,1315,1418,N104HQ,,0,0,0,0,0,0,0,0,0,jan,1,early_afternoon,Theodore Francis Green State Airport,Providence,United States,PVD,41.732601,-71.42040300000001,Providence,PVD,T. F. Green Airport,United States,US,67,PVD
168801,PWM,2.683291770573566,AA,4279.0,PHL,20180106,sat,1250,1243,1428,1405,98,82,-7,-23,-16,1253,1359,N449AW,,0,0,0,0,0,0,0,0,0,jan,0,early_afternoon,Portland International Jetport Airport,Portland,United States,PWM,43.64619827,-70.30930328,Portland,PWM,Intl Jetport,United States,US,67,PWM
169202,RAP,11.859504132231406,UA,4705.0,DEN,20180206,tue,1155,1155,1313,1315,78,80,0,2,2,1214,1307,N13123,,0,0,0,0,0,0,0,0,0,feb,1,late_morning,Rapid City Regional Airport,Rapid City,United States,RAP,44.04529953,-103.0569992,Rapid City,RAP,Regional,United States,US,67,RAP
169323,RDU,0.716021602160216,AA,1861.0,CLT,20180210,sat,1939,1933,2047,2043,68,70,-6,-4,2,1954,2033,N953UW,,0,0,0,0,0,0,0,0,0,feb,0,evening,Raleigh Durham International Airport,Raleigh-durham,United States,RDU,35.87760162,-78.78749847,Raleigh/Durham,RDU,Raleigh-Durham International Airport,United States,US,67,RDU
171545,RIC,5.037698412698413,AA,2314.0,DFW,20180227,tue,707,658,940,942,213,224,-9,2,11,714,925,N952AA,,0,0,0,0,0,0,0,0,0,feb,1,morning,Richmond International Airport,Richmond,United States,RIC,37.50519943,-77.31970215,Richmond,RIC,Intl (Byrd Field),United States,US,67,RIC
172049,RNO,3.469437652811736,AA,2409.0,DFW,20180209,fri,1355,1354,1912,1905,197,191,-1,-7,-6,1408,1843,N995NN,,0,0,0,0,0,0,0,0,0,feb,0,early_afternoon,Reno Tahoe International Airport,Reno,United States,RNO,39.49909973,-119.7679977,,,,,,,
172458,ROA,24.19298245614035,UA,3823.0,ORD,20180101,mon,1720,1823,1826,1915,126,112,63,49,-14,1836,1907,N420AW,,0,0,0,0,49,0,0,0,0,jan,1,late_afternoon,RoanokeBlacksburg Regional Airport,Roanoke VA,United States,ROA,37.3255,-79.975403,Roanoke,ROA,Municipal,United States,US,67,ROA
172572,ROC,9.705479452054794,WN,763.0,BWI,20180113,sat,600,0,725,0,85,0,0,0,0,0,0,,B,0,0,0,0,0,0,0,0,0,jan,0,morning,Greater Rochester International Airport,Rochester,United States,ROC,43.1189003,-77.67240143,Rochester,ROC,Monroe County,United States,US,67,ROC
173156,ROP,-4.857142857142857,UA,6391.0,GUM,20180215,thu,1435,1435,1510,1515,35,40,0,5,5,1445,1510,N45838,,0,0,0,0,0,0,0,0,0,feb,1,early_afternoon,Rota International Airport,Rota,Northern Mariana Islands,ROP,14.17430019,145.2429962,Rota,ROP,Rota,Northern Mariana Islands,MP,5,ROP
173184,ROW,0.0,AA,5865.0,DFW,20180101,mon,1010,0,1238,0,88,0,0,0,0,0,0,N242LR,B,0,0,0,0,0,0,0,0,0,jan,0,late_morning,Roswell International Air Center Airport,Roswell,United States,ROW,33.30160141,-104.53099820000001,Roswell,ROW,Industrial,United States,US,67,ROW
173186,RST,16.81578947368421,UA,3843.0,ORD,20180114,sun,1135,1125,1243,1256,68,91,-10,13,23,1200,1251,N440AW,,0,0,0,0,0,0,0,0,0,jan,1,late_morning,Rochester International Airport,Rochester,United States,RST,43.90829849,-92.5,Rochester,RST,Municipal,United States,US,67,RST
173262,RSW,1.9843478260869565,B6,466.0,BOS,20180222,thu,1003,948,1305,1231,182,163,-15,-34,-19,956,1226,N507JB,,0,0,0,0,0,0,0,0,0,feb,0,late_morning,Southwest Florida International Airport,Fort Myers,United States,RSW,26.53619957,-81.75520325,Fort Myers,RSW,Southwest Florida Reg,United States,US,67,RSW
174412,SAF,3.029850746268657,UA,4797.0,DEN,20180214,wed,735,723,855,847,80,84,-12,-8,4,734,829,N11106,,0,0,0,0,0,0,0,0,0,feb,0,morning,Santa Fe Municipal Airport,Santa Fe,United States,SAF,35.61709976,-106.0889969,Santa Fe,SAF,Santa Fe,United States,US,67,SAF
174479,SAN,-0.0366098294884654,AA,2181.0,DFW,20180225,sun,1049,1135,1548,1630,179,175,46,42,-4,1206,1625,N933AM,,0,0,0,0,42,0,0,0,0,feb,1,late_morning,San Diego International Airport,San Diego,United States,SAN,32.73360062,-117.1900024,San Diego,SAN,Lindberg Fld S. Diego,United States,US,67,SAN
176473,SAT,-0.14807692307692308,AA,1573.0,ORD,20180225,sun,810,807,1103,1043,173,156,-3,-20,-17,827,1034,N972TW,,0,0,0,0,0,0,0,0,0,feb,0,morning,San Antonio International Airport,San Antonio,United States,SAT,29.53370094,-98.46980286,San Antonio,SAT,San Antonio International,United States,US,67,SAT
177513,SAV,5.873508353221957,UA,4703.0,IAD,20180223,fri,1002,958,1145,1143,103,105,-4,-2,2,1011,1133,N13132,,0,0,0,0,0,0,0,0,0,feb,0,late_morning,Savannah Hilton Head International Airport,Savannah,United States,SAV,32.12760162,-81.20210266,Savannah,SAV,Savannah/Hilton Head,United States,US,67,SAV
177932,SBA,0.3693181818181818,AA,5959.0,PHX,20180123,tue,1609,1601,1857,1834,108,93,-8,-23,-15,1609,1823,N905J,,0,0,0,0,0,0,0,0,0,jan,0,late_afternoon,Santa Barbara Municipal Airport,Santa Barbara,United States,SBA,34.42620087,-119.8399963,Santa Barbara,SBA,Municipal,United States,US,67,SBA
178108,SBN,448.0,UA,3803.0,ORD,20180106,sat,1145,1902,1140,1908,55,66,437,448,11,1940,1902,N460AW,,437,0,11,0,0,0,0,0,0,jan,1,late_morning,South Bend Regional Airport,South Bend,United States,SBN,41.70869827,-86.31729889,South Bend,SBN,South Bend Regional,United States,US,67,SBN
178109,SBP,9.675,AA,5910.0,PHX,20180111,thu,1242,1306,1525,1542,103,96,24,17,-7,1321,1533,N927LR,,3,0,0,0,14,0,0,0,0,jan,1,early_afternoon,San Luis County Regional Airport,San Luis Obispo,United States,SBP,35.23680115,-120.6419983,San Luis Obispo,SBP,County Airport,United States,US,67,SBP
178189,SCC,-6.071428571428571,AS,55.0,BRW,20180220,tue,1014,1002,1108,1046,54,44,-12,-22,-10,1006,1042,N563AS,,0,0,0,0,0,0,0,0,0,feb,0,late_morning,Deadhorse Airport,Deadhorse,United States,SCC,70.19470215,-148.46499630000002,Prudhoe Bay/Deadhorse,SCC,Prudhoe Bay/Deadhorse,United States,US,67,SCC
178245,SCE,6.532467532467533,AA,4187.0,PHL,20180130,tue,600,942,708,1103,68,81,222,235,13,1015,1055,N414ZW,,222,0,13,0,0,0,0,0,0,jan,1,morning,University Park Airport,State College Pennsylvania,United States,SCE,40.84930038,-77.84870148,State College,SCE,University Park,United States,US,67,SCE
178476,SDF,12.271966527196653,UA,4711.0,ORD,20180223,fri,1745,1738,1815,1829,90,111,-7,14,21,1801,1756,N21130,,0,0,0,0,0,0,0,0,0,feb,1,late_afternoon,Louisville International Standiford Field,Louisville,United States,SDF,38.1744,-85.736,Louisville,SDF,Standiford Field,United States,US,67,SDF
179193,SEA,-3.612379110251451,AS,792.0,DTW,20180203,sat,759,822,1522,1521,263,239,23,-1,-24,842,1514,N517AS,,0,0,0,0,0,0,0,0,0,feb,0,morning,Seattle Tacoma International Airport,Seattle,United States,SEA,47.449001,-122.308998,Seattle,SEA,Seattle/tacoma International,United States,US,67,SEA
184363,SFO,0.5261437908496732,AS,325.0,SEA,20180221,wed,1235,1226,1436,1449,121,143,-9,13,22,1253,1442,N302AS,,0,0,0,0,0,0,0,0,0,feb,1,early_afternoon,San Francisco International Airport,San Francisco,United States,SFO,37.61899948,-122.375,San Francisco,SFO,San Francisco International,United States,US,67,SFO
186505,SGF,36.85470085470085,DL,3460.0,ATL,20180221,wed,600,603,858,1003,118,180,3,65,62,739,955,N917XJ,,0,0,65,0,0,0,0,0,0,feb,1,morning,Springfield Branson National Airport,Springfield,United States,SGF,37.24570084,-93.38860321,Springfield,SGF,Springfield-Branson Rg,United States,US,67,SGF
186622,SHV,0.35294117647058826,DL,3891.0,ATL,20180225,sun,1300,1251,1545,1532,105,101,-9,-13,-4,1302,1521,N981EV,,0,0,0,0,0,0,0,0,0,feb,0,early_afternoon,Shreveport Regional Airport,Shreveport,United States,SHV,32.446602,-93.8256,Shreveport,SHV,Regional,United States,US,67,SHV
186741,SIT,4.607142857142857,AS,62.0,KTN,20180201,thu,1200,1155,1256,1245,56,50,-5,-11,-6,1208,1241,N518AS,,0,0,0,0,0,0,0,0,0,feb,0,early_afternoon,Sitka Rocky Gutierrez Airport,Sitka,United States,SIT,57.04710007,-135.36199950000002,Sitka,SIT,Sitka,United States,US,67,SIT
186825,SJC,-1.4404591104734576,AS,837.0,HNL,20180221,wed,905,858,1303,1233,358,335,-7,-30,-23,913,1226,N434AS,,0,0,0,0,0,0,0,0,0,feb,0,late_morning,Norman Y. Mineta San Jose International Airport,San Jose,United States,SJC,37.362598,-121.929001,San Jose,SJC,Mineta San Jose International Airport,United States,US,1,SJC
188219,SJU,-2.4462474645030428,B6,1348.0,DCA,20180221,wed,1905,1917,2159,2204,234,227,12,5,-7,1932,2200,N524JB,,0,0,0,0,0,0,0,0,0,feb,1,evening,Luis Munoz Marin International Airport,San Juan,Puerto Rico,SJU,18.43939972,-66.00180054,San Juan,SJU,Luis Munoz Marin Intl,Puerto Rico,PR,3,SJU
189205,SLC,3.1873252562907735,AA,833.0,CLT,20180212,mon,50,47,638,624,228,217,-3,-14,-11,104,616,N658AW,,0,0,0,0,0,0,0,0,0,feb,0,late_night,Salt Lake City International Airport,Salt Lake City,United States,SLC,40.78839874,-111.97799679999999,Salt Lake City,SLC,International,United States,US,67,SLC
190278,SMF,0.19437751004016066,AS,800.0,SEA,20180204,sun,2025,2005,2225,2208,120,123,-20,-17,3,2016,2155,N519AS,,0,0,0,0,0,0,0,0,0,feb,0,evening,Sacramento International Airport,Sacramento,United States,SMF,38.69540024,-121.5910034,Sacramento,SMF,Sacramento International,United States,US,67,SMF
191523,SNA,0.5177065767284992,WN,1935.0,OAK,20180123,tue,725,724,855,843,90,79,-1,-12,-11,736,837,N779SW,,0,0,0,0,0,0,0,0,0,jan,0,morning,John Wayne Airport-Orange County Airport,Santa Ana,United States,SNA,33.67570114,-117.86799620000001,Santa Ana,SNA,John Wayne,United States,US,67,SNA
192709,SPN,-5.013513513513513,UA,6391.0,ROP,20180205,mon,1330,1315,1405,1355,35,40,-15,-10,5,1325,1350,N14834,,0,0,0,0,0,0,0,0,0,feb,0,early_afternoon,Saipan International Airport,Saipan,Northern Mariana Islands,SPN,15.119000000000002,145.729004,Saipan,SPN,International,Northern Mariana Islands,MP,5,SPN
192857,SRQ,2.8333333333333335,B6,940.0,BOS,20180215,thu,1607,1606,1908,1943,181,217,-1,35,36,1644,1935,N580JB,,0,0,35,0,0,0,0,0,0,feb,1,late_afternoon,Sarasota Bradenton International Airport,Sarasota,United States,SRQ,27.39539909,-82.55439758,Sarasota,SRQ,Sarasota-Bradenton International Airport,United States,US,67,SRQ
192911,STL,0.9072356215213359,WN,5796.0,DSM,20180130,tue,2120,2121,2225,2230,65,69,1,5,4,2135,2226,N7706A,,0,0,0,0,0,0,0,0,0,jan,1,late_evening,St Louis Lambert International Airport,St. Louis,United States,STL,38.748697,-90.370003,St Louis,STL,Lambert-St Louis Intl,United States,US,67,STL
195067,STS,-5.25,AA,5931.0,PHX,20180113,sat,1241,1248,1549,1550,128,122,7,1,-6,1304,1546,N953LR,,0,0,0,0,0,0,0,0,0,jan,1,early_afternoon,Charles M. Schulz Sonoma County Airport,Santa Rosa,United States,STS,38.50899887,-122.8130035,Santa Rosa,STS,Sonoma County,United States,US,67,STS
195087,STT,-12.025641025641026,B6,1035.0,SJU,20180227,tue,1008,951,1049,1020,41,29,-17,-29,-12,959,1016,N317JB,,0,0,0,0,0,0,0,0,0,feb,0,late_morning,Cyril E. King Airport,St. Thomas,Virgin Islands,STT,18.33729935,-64.9733963,St Thomas Island,STT,H.S.Truman,Virgin Islands(U.S.),VI,4,STT
195165,STX,-12.097222222222221,AA,1293.0,MIA,20180224,sat,1629,1645,1845,1920,196,215,16,35,19,1717,1907,N854NN,,0,0,19,0,16,0,0,0,0,feb,1,late_afternoon,Henry E Rohlsen Airport,St. Croix Island,Virgin Islands,STX,17.70190048,-64.79859924,St Croix Island,STX,Alex Hamilton,Virgin Islands(U.S.),VI,4,STX
195237,SWF,-0.7283950617283951,AA,4233.0,PHL,20180114,sun,1040,1028,1146,1123,66,55,-12,-23,-11,1038,1118,N465AW,,0,0,0,0,0,0,0,0,0,jan,0,late_morning,Stewart International Airport,Newburgh,United States,SWF,41.504100799999996,-74.10479736,Newburgh,SWF,Stewart,United States,US,67,SWF
195318,SYR,0.06779661016949153,AA,4323.0,DCA,20180225,sun,940,931,1128,1050,98,79,-9,-28,-19,943,1047,N610AE,,0,0,0,0,0,0,0,0,0,feb,0,late_morning,Syracuse Hancock International Airport,Syracuse,United States,SYR,43.11119843,-76.10630035,Syracuse,SYR,Syracuse Hancock International Airport,United States,US,67,SYR
195849,TLH,19.42222222222222,DL,3869.0,ATL,20180227,tue,1041,1036,1152,1141,71,65,-5,-11,-6,1047,1134,N295PQ,,0,0,0,0,0,0,0,0,0,feb,0,late_morning,Tallahassee Regional Airport,Tallahassee,United States,TLH,30.39649963,-84.35030365,Tallahassee,TLH,Tallahassee Regional Airport,United States,US,67,TLH
195894,TPA,-0.4049715173485241,WN,2637.0,MDW,20180106,sat,1600,1601,1740,1741,160,160,1,1,0,1611,1734,N8606C,,0,0,0,0,0,0,0,0,0,jan,1,late_afternoon,Tampa International Airport,Tampa,United States,TPA,27.97550011,-82.53320313,Tampa,TPA,Tampa International,United States,US,67,TPA
197825,TRI,-10.555555555555555,DL,3347.0,ATL,20180220,tue,950,940,1102,1054,72,74,-10,-8,2,957,1044,N8877A,,0,0,0,0,0,0,0,0,0,feb,0,late_morning,Tri-Cities Regional TN/VA Airport,BRISTOL,United States,TRI,36.475201,-82.40740100000001,Johnson City,TRI,Tri-Cities Regional,United States,US,67,TRI
197915,TUL,1.638036809815951,AA,1292.0,DFW,20180215,thu,1430,1429,1550,1538,80,69,-1,-12,-11,1442,1526,N9622A,,0,0,0,0,0,0,0,0,0,feb,0,early_afternoon,Tulsa International Airport,Tulsa,United States,TUL,36.19839859,-95.88809967,Tulsa,TUL,International,United States,US,67,TUL
198404,TUS,1.431259044862518,AA,5920.0,PHX,20180122,mon,855,856,1021,1003,86,67,1,-18,-19,908,940,N944LR,,0,0,0,0,0,0,0,0,0,jan,0,morning,Tucson International Airport,Tucson,United States,TUS,32.11610031,-110.9410019,Tucson,TUS,International,United States,US,67,TUS
199095,TVC,-0.09782608695652174,UA,3776.0,ORD,20180123,tue,1015,0,1035,0,80,0,0,0,0,0,0,,B,0,0,0,0,0,0,0,0,0,jan,0,late_morning,Cherry Capital Airport,Traverse City,United States,TVC,44.74140167,-85.5821991,Traverse City,TVC,Traverse City,United States,US,67,TVC
199187,TYS,-0.7125382262996942,DL,3446.0,ATL,20180203,sat,1159,1152,1309,1250,70,58,-7,-19,-12,1209,1245,N316PQ,,0,0,0,0,0,0,0,0,0,feb,0,late_morning,McGhee Tyson Airport,Knoxville,United States,TYS,35.81100082,-83.99400329999999,Knoxville,TYS,Mc Ghee Tyson,United States,US,67,TYS
199514,VLD,0.34375,DL,3383.0,ATL,20180222,thu,1143,1149,1303,1307,80,78,6,4,-2,1211,1254,N820AY,,0,0,0,0,0,0,0,0,0,feb,1,late_morning,Valdosta Regional Airport,Valdosta,United States,VLD,30.78249931,-83.27670288,Valdosta,VLD,Regional,United States,US,67,VLD
199578,VPS,0.1792452830188679,AA,2283.0,DFW,20180214,wed,1326,1321,1543,1532,137,131,-5,-11,-6,1339,1524,N9677W,,0,0,0,0,0,0,0,0,0,feb,0,early_afternoon,Destin-Ft Walton Beach Airport,Valparaiso,United States,VPS,30.4832,-86.525398,Valparaiso,VPS,Ft. Walton Beach,United States,US,67,VPS
199684,WRG,-0.8076923076923077,AS,64.0,KTN,20180206,tue,1623,1703,1654,1734,31,31,40,40,0,1708,1729,N644AS,,0,8,0,0,32,0,0,0,0,feb,1,late_afternoon,Wrangell Airport,Wrangell,United States,WRG,56.48429871,-132.36999509999998,Wrangell,WRG,Wrangell SPB,United States,US,67,WRG
199736,XNA,32.80904522613066,AA,4388.0,LGA,20180129,mon,1734,1758,2129,2240,175,222,24,71,47,1843,2213,N423YX,,0,0,49,0,22,0,0,0,0,jan,1,late_afternoon,Northwest Arkansas Regional Airport,Bentonville,United States,XNA,36.281898,-94.30680100000001,Fayetteville,XNA,Northwest Arkansas Rgn,United States,US,67,XNA
199935,YAK,-11.723076923076922,AS,61.0,CDV,20180220,tue,1149,1128,1240,1215,51,47,-21,-25,-4,1132,1211,N524AS,,0,0,0,0,0,0,0,0,0,feb,0,late_morning,Yakutat Airport,Yakutat,United States,YAK,59.50329971,-139.66000369999998,Yakutat,YAK,Yakutat,United States,US,67,YAK
